{
    "count": 20,
    "start": 0,
    "total": 40,
    "subjects": [
        {
            "rating": {
                "max": 10,
                "average": 7.5,
                "stars": "40",
                "min": 0
            },
            "genres": [
                "科幻",
                "惊悚",
                "恐怖"
            ],
            "title": "异形：契约，本地数据",
            "casts": [
                {
                    "alt": "https://movie.douban.com/celebrity/1000010/",
                    "avatars": {
                        "small": "https://img3.doubanio.com/img/celebrity/small/32214.jpg",
                        "large": "https://img3.doubanio.com/img/celebrity/large/32214.jpg",
                        "medium": "https://img3.doubanio.com/img/celebrity/medium/32214.jpg"
                    },
                    "name": "迈克尔·法斯宾德",
                    "id": "1000010"
                },
                {
                    "alt": "https://movie.douban.com/celebrity/1316589/",
                    "avatars": {
                        "small": "https://img3.doubanio.com/img/celebrity/small/1474083107.3.jpg",
                        "large": "https://img3.doubanio.com/img/celebrity/large/1474083107.3.jpg",
                        "medium": "https://img3.doubanio.com/img/celebrity/medium/1474083107.3.jpg"
                    },
                    "name": "凯瑟琳·沃特斯顿",
                    "id": "1316589"
                },
                {
                    "alt": "https://movie.douban.com/celebrity/1009265/",
                    "avatars": {
                        "small": "https://img3.doubanio.com/img/celebrity/small/1413531816.25.jpg",
                        "large": "https://img3.doubanio.com/img/celebrity/large/1413531816.25.jpg",
                        "medium": "https://img3.doubanio.com/img/celebrity/medium/1413531816.25.jpg"
                    },
                    "name": "比利·克鲁德普",
                    "id": "1009265"
                }
            ],
            "collect_count": 9269,
            "original_title": "Alien: Covenant",
            "subtype": "movie",
            "directors": [
                {
                    "alt": "https://movie.douban.com/celebrity/1054416/",
                    "avatars": {
                        "small": "https://img3.doubanio.com/img/celebrity/small/588.jpg",
                        "large": "https://img3.doubanio.com/img/celebrity/large/588.jpg",
                        "medium": "https://img3.doubanio.com/img/celebrity/medium/588.jpg"
                    },
                    "name": "雷德利·斯科特",
                    "id": "1054416"
                }
            ],
            "year": "2017",
            "images": {
                "small": "https://img3.doubanio.com/view/movie_poster_cover/ipst/public/p2459944375.webp",
                "large": "https://img3.doubanio.com/view/movie_poster_cover/lpst/public/p2459944375.webp",
                "medium": "https://img3.doubanio.com/view/movie_poster_cover/spst/public/p2459944375.webp"
            },
            "alt": "https://movie.douban.com/subject/11803087/",
            "id": "11803087"
        },
        {
            "rating": {
                "max": 10,
                "average": 0,
                "stars": "00",
                "min": 0
            },
            "genres": [
                "剧情",
                "动作",
                "爱情"
            ],
            "title": "中国推销员",
            "casts": [
                {
                    "alt": "https://movie.douban.com/celebrity/1317113/",
                    "avatars": {
                        "small": "https://img3.doubanio.com/img/celebrity/small/46584.jpg",
                        "large": "https://img3.doubanio.com/img/celebrity/large/46584.jpg",
                        "medium": "https://img3.doubanio.com/img/celebrity/medium/46584.jpg"
                    },
                    "name": "李东学",
                    "id": "1317113"
                },
                {
                    "alt": "https://movie.douban.com/celebrity/1009368/",
                    "avatars": {
                        "small": "https://img3.doubanio.com/img/celebrity/small/27423.jpg",
                        "large": "https://img3.doubanio.com/img/celebrity/large/27423.jpg",
                        "medium": "https://img3.doubanio.com/img/celebrity/medium/27423.jpg"
                    },
                    "name": "迈克·泰森",
                    "id": "1009368"
                },
                {
                    "alt": "https://movie.douban.com/celebrity/1002685/",
                    "avatars": {
                        "small": "https://img3.doubanio.com/img/celebrity/small/4482.jpg",
                        "large": "https://img3.doubanio.com/img/celebrity/large/4482.jpg",
                        "medium": "https://img3.doubanio.com/img/celebrity/medium/4482.jpg"
                    },
                    "name": "史蒂文·席格",
                    "id": "1002685"
                }
            ],
            "collect_count": 219,
            "original_title": "中国推销员",
            "subtype": "movie",
            "directors": [
                {
                    "alt": "https://movie.douban.com/celebrity/1352903/",
                    "avatars": {
                        "small": "https://img3.doubanio.com/img/celebrity/small/1447919296.57.jpg",
                        "large": "https://img3.doubanio.com/img/celebrity/large/1447919296.57.jpg",
                        "medium": "https://img3.doubanio.com/img/celebrity/medium/1447919296.57.jpg"
                    },
                    "name": "檀冰",
                    "id": "1352903"
                }
            ],
            "year": "2017",
            "images": {
                "small": "https://img3.doubanio.com/view/movie_poster_cover/ipst/public/p2461964183.webp",
                "large": "https://img3.doubanio.com/view/movie_poster_cover/lpst/public/p2461964183.webp",
                "medium": "https://img3.doubanio.com/view/movie_poster_cover/spst/public/p2461964183.webp"
            },
            "alt": "https://movie.douban.com/subject/26266924/",
            "id": "26266924"
        },
        {
            "rating": {
                "max": 10,
                "average": 7.6,
                "stars": "40",
                "min": 0
            },
            "genres": [
                "纪录片"
            ],
            "title": "重返·狼群",
            "casts": [
                {
                    "alt": "https://movie.douban.com/celebrity/1374776/",
                    "avatars": {
                        "small": "https://img3.doubanio.com/img/celebrity/small/1496589773.39.jpg",
                        "large": "https://img3.doubanio.com/img/celebrity/large/1496589773.39.jpg",
                        "medium": "https://img3.doubanio.com/img/celebrity/medium/1496589773.39.jpg"
                    },
                    "name": "李微漪",
                    "id": "1374776"
                }
            ],
            "collect_count": 540,
            "original_title": "重返·狼群",
            "subtype": "movie",
            "directors": [
                {
                    "alt": "https://movie.douban.com/celebrity/1374775/",
                    "avatars": {
                        "small": "https://img3.doubanio.com/f/movie/ca527386eb8c4e325611e22dfcb04cc116d6b423/pics/movie/celebrity-default-small.png",
                        "large": "https://img3.doubanio.com/f/movie/63acc16ca6309ef191f0378faf793d1096a3e606/pics/movie/celebrity-default-large.png",
                        "medium": "https://img3.doubanio.com/f/movie/8dd0c794499fe925ae2ae89ee30cd225750457b4/pics/movie/celebrity-default-medium.png"
                    },
                    "name": "亦风",
                    "id": "1374775"
                }
            ],
            "year": "2017",
            "images": {
                "small": "https://img3.doubanio.com/view/movie_poster_cover/ipst/public/p2461834877.webp",
                "large": "https://img3.doubanio.com/view/movie_poster_cover/lpst/public/p2461834877.webp",
                "medium": "https://img3.doubanio.com/view/movie_poster_cover/spst/public/p2461834877.webp"
            },
            "alt": "https://movie.douban.com/subject/26920269/",
            "id": "26920269"
        },
        {
            "rating": {
                "max": 10,
                "average": 0,
                "stars": "00",
                "min": 0
            },
            "genres": [
                "犯罪",
                "悬疑",
                "惊悚"
            ],
            "title": "借眼",
            "casts": [
                {
                    "alt": "https://movie.douban.com/celebrity/1274567/",
                    "avatars": {
                        "small": "https://img3.doubanio.com/img/celebrity/small/5581.jpg",
                        "large": "https://img3.doubanio.com/img/celebrity/large/5581.jpg",
                        "medium": "https://img3.doubanio.com/img/celebrity/medium/5581.jpg"
                    },
                    "name": "陈浩民",
                    "id": "1274567"
                },
                {
                    "alt": "https://movie.douban.com/celebrity/1312914/",
                    "avatars": {
                        "small": "https://img3.doubanio.com/img/celebrity/small/1408114928.86.jpg",
                        "large": "https://img3.doubanio.com/img/celebrity/large/1408114928.86.jpg",
                        "medium": "https://img3.doubanio.com/img/celebrity/medium/1408114928.86.jpg"
                    },
                    "name": "薛佳凝",
                    "id": "1312914"
                },
                {
                    "alt": "https://movie.douban.com/celebrity/1054340/",
                    "avatars": {
                        "small": "https://img3.doubanio.com/img/celebrity/small/26673.jpg",
                        "large": "https://img3.doubanio.com/img/celebrity/large/26673.jpg",
                        "medium": "https://img3.doubanio.com/img/celebrity/medium/26673.jpg"
                    },
                    "name": "罗兰",
                    "id": "1054340"
                }
            ],
            "collect_count": 88,
            "original_title": "借眼",
            "subtype": "movie",
            "directors": [
                {
                    "alt": "https://movie.douban.com/celebrity/1329037/",
                    "avatars": {
                        "small": "https://img3.doubanio.com/img/celebrity/small/1456122805.33.jpg",
                        "large": "https://img3.doubanio.com/img/celebrity/large/1456122805.33.jpg",
                        "medium": "https://img3.doubanio.com/img/celebrity/medium/1456122805.33.jpg"
                    },
                    "name": "张洋",
                    "id": "1329037"
                }
            ],
            "year": "2017",
            "images": {
                "small": "https://img3.doubanio.com/view/movie_poster_cover/ipst/public/p2462912672.webp",
                "large": "https://img3.doubanio.com/view/movie_poster_cover/lpst/public/p2462912672.webp",
                "medium": "https://img3.doubanio.com/view/movie_poster_cover/spst/public/p2462912672.webp"
            },
            "alt": "https://movie.douban.com/subject/26751902/",
            "id": "26751902"
        },
        {
            "rating": {
                "max": 10,
                "average": 4.8,
                "stars": "25",
                "min": 0
            },
            "genres": [
                "动作",
                "奇幻",
                "冒险"
            ],
            "title": "新木乃伊",
            "casts": [
                {
                    "alt": "https://movie.douban.com/celebrity/1054435/",
                    "avatars": {
                        "small": "https://img3.doubanio.com/img/celebrity/small/567.jpg",
                        "large": "https://img3.doubanio.com/img/celebrity/large/567.jpg",
                        "medium": "https://img3.doubanio.com/img/celebrity/medium/567.jpg"
                    },
                    "name": "汤姆·克鲁斯",
                    "id": "1054435"
                },
                {
                    "alt": "https://movie.douban.com/celebrity/1016674/",
                    "avatars": {
                        "small": "https://img3.doubanio.com/img/celebrity/small/17524.jpg",
                        "large": "https://img3.doubanio.com/img/celebrity/large/17524.jpg",
                        "medium": "https://img3.doubanio.com/img/celebrity/medium/17524.jpg"
                    },
                    "name": "罗素·克劳",
                    "id": "1016674"
                },
                {
                    "alt": "https://movie.douban.com/celebrity/1315815/",
                    "avatars": {
                        "small": "https://img3.doubanio.com/img/celebrity/small/33650.jpg",
                        "large": "https://img3.doubanio.com/img/celebrity/large/33650.jpg",
                        "medium": "https://img3.doubanio.com/img/celebrity/medium/33650.jpg"
                    },
                    "name": "安娜贝拉·沃丽丝",
                    "id": "1315815"
                }
            ],
            "collect_count": 37680,
            "original_title": "The Mummy",
            "subtype": "movie",
            "directors": [
                {
                    "alt": "https://movie.douban.com/celebrity/1049959/",
                    "avatars": {
                        "small": "https://img3.doubanio.com/img/celebrity/small/25843.jpg",
                        "large": "https://img3.doubanio.com/img/celebrity/large/25843.jpg",
                        "medium": "https://img3.doubanio.com/img/celebrity/medium/25843.jpg"
                    },
                    "name": "艾里克斯·库兹曼",
                    "id": "1049959"
                }
            ],
            "year": "2017",
            "images": {
                "small": "https://img3.doubanio.com/view/movie_poster_cover/ipst/public/p2459198108.webp",
                "large": "https://img3.doubanio.com/view/movie_poster_cover/lpst/public/p2459198108.webp",
                "medium": "https://img3.doubanio.com/view/movie_poster_cover/spst/public/p2459198108.webp"
            },
            "alt": "https://movie.douban.com/subject/20451290/",
            "id": "20451290"
        },
        {
            "rating": {
                "max": 10,
                "average": 7.3,
                "stars": "40",
                "min": 0
            },
            "genres": [
                "动作",
                "奇幻",
                "冒险"
            ],
            "title": "神奇女侠",
            "casts": [
                {
                    "alt": "https://movie.douban.com/celebrity/1044996/",
                    "avatars": {
                        "small": "https://img3.doubanio.com/img/celebrity/small/8710.jpg",
                        "large": "https://img3.doubanio.com/img/celebrity/large/8710.jpg",
                        "medium": "https://img3.doubanio.com/img/celebrity/medium/8710.jpg"
                    },
                    "name": "盖尔·加朵",
                    "id": "1044996"
                },
                {
                    "alt": "https://movie.douban.com/celebrity/1053621/",
                    "avatars": {
                        "small": "https://img3.doubanio.com/img/celebrity/small/32637.jpg",
                        "large": "https://img3.doubanio.com/img/celebrity/large/32637.jpg",
                        "medium": "https://img3.doubanio.com/img/celebrity/medium/32637.jpg"
                    },
                    "name": "克里斯·派恩",
                    "id": "1053621"
                },
                {
                    "alt": "https://movie.douban.com/celebrity/1009298/",
                    "avatars": {
                        "small": "https://img3.doubanio.com/img/celebrity/small/1416109882.48.jpg",
                        "large": "https://img3.doubanio.com/img/celebrity/large/1416109882.48.jpg",
                        "medium": "https://img3.doubanio.com/img/celebrity/medium/1416109882.48.jpg"
                    },
                    "name": "康妮·尼尔森",
                    "id": "1009298"
                }
            ],
            "collect_count": 129961,
            "original_title": "Wonder Woman",
            "subtype": "movie",
            "directors": [
                {
                    "alt": "https://movie.douban.com/celebrity/1023041/",
                    "avatars": {
                        "small": "https://img3.doubanio.com/img/celebrity/small/1496555593.75.jpg",
                        "large": "https://img3.doubanio.com/img/celebrity/large/1496555593.75.jpg",
                        "medium": "https://img3.doubanio.com/img/celebrity/medium/1496555593.75.jpg"
                    },
                    "name": "派蒂·杰金斯",
                    "id": "1023041"
                }
            ],
            "year": "2017",
            "images": {
                "small": "https://img3.doubanio.com/view/movie_poster_cover/ipst/public/p2460006593.webp",
                "large": "https://img3.doubanio.com/view/movie_poster_cover/lpst/public/p2460006593.webp",
                "medium": "https://img3.doubanio.com/view/movie_poster_cover/spst/public/p2460006593.webp"
            },
            "alt": "https://movie.douban.com/subject/1578714/",
            "id": "1578714"
        },
        {
            "rating": {
                "max": 10,
                "average": 7.4,
                "stars": "40",
                "min": 0
            },
            "genres": [
                "动作",
                "奇幻",
                "冒险"
            ],
            "title": "加勒比海盗5：死无对证",
            "casts": [
                {
                    "alt": "https://movie.douban.com/celebrity/1054456/",
                    "avatars": {
                        "small": "https://img3.doubanio.com/img/celebrity/small/562.jpg",
                        "large": "https://img3.doubanio.com/img/celebrity/large/562.jpg",
                        "medium": "https://img3.doubanio.com/img/celebrity/medium/562.jpg"
                    },
                    "name": "约翰尼·德普",
                    "id": "1054456"
                },
                {
                    "alt": "https://movie.douban.com/celebrity/1054414/",
                    "avatars": {
                        "small": "https://img3.doubanio.com/img/celebrity/small/587.jpg",
                        "large": "https://img3.doubanio.com/img/celebrity/large/587.jpg",
                        "medium": "https://img3.doubanio.com/img/celebrity/medium/587.jpg"
                    },
                    "name": "哈维尔·巴登",
                    "id": "1054414"
                },
                {
                    "alt": "https://movie.douban.com/celebrity/1010543/",
                    "avatars": {
                        "small": "https://img3.doubanio.com/img/celebrity/small/1243.jpg",
                        "large": "https://img3.doubanio.com/img/celebrity/large/1243.jpg",
                        "medium": "https://img3.doubanio.com/img/celebrity/medium/1243.jpg"
                    },
                    "name": "杰弗里·拉什",
                    "id": "1010543"
                }
            ],
            "collect_count": 130305,
            "original_title": "Pirates of the Caribbean: Dead Men Tell No Tales",
            "subtype": "movie",
            "directors": [
                {
                    "alt": "https://movie.douban.com/celebrity/1019391/",
                    "avatars": {
                        "small": "https://img3.doubanio.com/img/celebrity/small/58032.jpg",
                        "large": "https://img3.doubanio.com/img/celebrity/large/58032.jpg",
                        "medium": "https://img3.doubanio.com/img/celebrity/medium/58032.jpg"
                    },
                    "name": "艾斯彭·山德伯格",
                    "id": "1019391"
                },
                {
                    "alt": "https://movie.douban.com/celebrity/1216851/",
                    "avatars": {
                        "small": "https://img3.doubanio.com/img/celebrity/small/58031.jpg",
                        "large": "https://img3.doubanio.com/img/celebrity/large/58031.jpg",
                        "medium": "https://img3.doubanio.com/img/celebrity/medium/58031.jpg"
                    },
                    "name": "乔阿吉姆·罗恩尼",
                    "id": "1216851"
                }
            ],
            "year": "2017",
            "images": {
                "small": "https://img3.doubanio.com/view/movie_poster_cover/ipst/public/p2459723975.webp",
                "large": "https://img3.doubanio.com/view/movie_poster_cover/lpst/public/p2459723975.webp",
                "medium": "https://img3.doubanio.com/view/movie_poster_cover/spst/public/p2459723975.webp"
            },
            "alt": "https://movie.douban.com/subject/6311303/",
            "id": "6311303"
        },
        {
            "rating": {
                "max": 10,
                "average": 9.2,
                "stars": "45",
                "min": 0
            },
            "genres": [
                "剧情",
                "传记",
                "运动"
            ],
            "title": "摔跤吧！爸爸",
            "casts": [
                {
                    "alt": "https://movie.douban.com/celebrity/1031931/",
                    "avatars": {
                        "small": "https://img3.doubanio.com/img/celebrity/small/13628.jpg",
                        "large": "https://img3.doubanio.com/img/celebrity/large/13628.jpg",
                        "medium": "https://img3.doubanio.com/img/celebrity/medium/13628.jpg"
                    },
                    "name": "阿米尔·汗",
                    "id": "1031931"
                },
                {
                    "alt": "https://movie.douban.com/celebrity/1372457/",
                    "avatars": {
                        "small": "https://img3.doubanio.com/img/celebrity/small/1493121366.9.jpg",
                        "large": "https://img3.doubanio.com/img/celebrity/large/1493121366.9.jpg",
                        "medium": "https://img3.doubanio.com/img/celebrity/medium/1493121366.9.jpg"
                    },
                    "name": "法缇玛·萨那·纱卡",
                    "id": "1372457"
                },
                {
                    "alt": "https://movie.douban.com/celebrity/1372458/",
                    "avatars": {
                        "small": "https://img3.doubanio.com/img/celebrity/small/1493121856.81.jpg",
                        "large": "https://img3.doubanio.com/img/celebrity/large/1493121856.81.jpg",
                        "medium": "https://img3.doubanio.com/img/celebrity/medium/1493121856.81.jpg"
                    },
                    "name": "桑亚·玛荷塔",
                    "id": "1372458"
                }
            ],
            "collect_count": 307943,
            "original_title": "Dangal",
            "subtype": "movie",
            "directors": [
                {
                    "alt": "https://movie.douban.com/celebrity/1366907/",
                    "avatars": {
                        "small": "https://img3.doubanio.com/img/celebrity/small/1484120321.24.jpg",
                        "large": "https://img3.doubanio.com/img/celebrity/large/1484120321.24.jpg",
                        "medium": "https://img3.doubanio.com/img/celebrity/medium/1484120321.24.jpg"
                    },
                    "name": "涅提·蒂瓦里",
                    "id": "1366907"
                }
            ],
            "year": "2016",
            "images": {
                "small": "https://img3.doubanio.com/view/movie_poster_cover/ipst/public/p2457983084.webp",
                "large": "https://img3.doubanio.com/view/movie_poster_cover/lpst/public/p2457983084.webp",
                "medium": "https://img3.doubanio.com/view/movie_poster_cover/spst/public/p2457983084.webp"
            },
            "alt": "https://movie.douban.com/subject/26387939/",
            "id": "26387939"
        },
        {
            "rating": {
                "max": 10,
                "average": 7.5,
                "stars": "40",
                "min": 0
            },
            "genres": [
                "剧情"
            ],
            "title": "忠爱无言",
            "casts": [
                {
                    "alt": "https://movie.douban.com/celebrity/1339722/",
                    "avatars": {
                        "small": "https://img3.doubanio.com/img/celebrity/small/1416481290.81.jpg",
                        "large": "https://img3.doubanio.com/img/celebrity/large/1416481290.81.jpg",
                        "medium": "https://img3.doubanio.com/img/celebrity/medium/1416481290.81.jpg"
                    },
                    "name": "高强",
                    "id": "1339722"
                },
                {
                    "alt": "https://movie.douban.com/celebrity/1314006/",
                    "avatars": {
                        "small": "https://img3.doubanio.com/img/celebrity/small/21303.jpg",
                        "large": "https://img3.doubanio.com/img/celebrity/large/21303.jpg",
                        "medium": "https://img3.doubanio.com/img/celebrity/medium/21303.jpg"
                    },
                    "name": "于月仙",
                    "id": "1314006"
                },
                {
                    "alt": "https://movie.douban.com/celebrity/1274715/",
                    "avatars": {
                        "small": "https://img3.doubanio.com/img/celebrity/small/6017.jpg",
                        "large": "https://img3.doubanio.com/img/celebrity/large/6017.jpg",
                        "medium": "https://img3.doubanio.com/img/celebrity/medium/6017.jpg"
                    },
                    "name": "李玉峰",
                    "id": "1274715"
                }
            ],
            "collect_count": 3831,
            "original_title": "忠爱无言",
            "subtype": "movie",
            "directors": [
                {
                    "alt": "https://movie.douban.com/celebrity/1373927/",
                    "avatars": {
                        "small": "https://img3.doubanio.com/img/celebrity/small/1495082084.72.jpg",
                        "large": "https://img3.doubanio.com/img/celebrity/large/1495082084.72.jpg",
                        "medium": "https://img3.doubanio.com/img/celebrity/medium/1495082084.72.jpg"
                    },
                    "name": "谈宜之",
                    "id": "1373927"
                }
            ],
            "year": "2017",
            "images": {
                "small": "https://img3.doubanio.com/view/movie_poster_cover/ipst/public/p2459193246.webp",
                "large": "https://img3.doubanio.com/view/movie_poster_cover/lpst/public/p2459193246.webp",
                "medium": "https://img3.doubanio.com/view/movie_poster_cover/spst/public/p2459193246.webp"
            },
            "alt": "https://movie.douban.com/subject/26995137/",
            "id": "26995137"
        },
        {
            "rating": {
                "max": 10,
                "average": 6.6,
                "stars": "35",
                "min": 0
            },
            "genres": [
                "动画",
                "冒险"
            ],
            "title": "哆啦A梦：大雄的南极冰冰凉大冒险",
            "casts": [
                {
                    "alt": "https://movie.douban.com/celebrity/1024195/",
                    "avatars": {
                        "small": "https://img3.doubanio.com/img/celebrity/small/1375424738.93.jpg",
                        "large": "https://img3.doubanio.com/img/celebrity/large/1375424738.93.jpg",
                        "medium": "https://img3.doubanio.com/img/celebrity/medium/1375424738.93.jpg"
                    },
                    "name": "水田山葵",
                    "id": "1024195"
                },
                {
                    "alt": "https://movie.douban.com/celebrity/1326329/",
                    "avatars": {
                        "small": "https://img3.doubanio.com/img/celebrity/small/1358580306.49.jpg",
                        "large": "https://img3.doubanio.com/img/celebrity/large/1358580306.49.jpg",
                        "medium": "https://img3.doubanio.com/img/celebrity/medium/1358580306.49.jpg"
                    },
                    "name": "大原惠美",
                    "id": "1326329"
                },
                {
                    "alt": "https://movie.douban.com/celebrity/1020284/",
                    "avatars": {
                        "small": "https://img3.doubanio.com/img/celebrity/small/36838.jpg",
                        "large": "https://img3.doubanio.com/img/celebrity/large/36838.jpg",
                        "medium": "https://img3.doubanio.com/img/celebrity/medium/36838.jpg"
                    },
                    "name": "嘉数由美",
                    "id": "1020284"
                }
            ],
            "collect_count": 8982,
            "original_title": "ドラえもん のび太の南極カチコチ大冒険",
            "subtype": "movie",
            "directors": [
                {
                    "alt": "https://movie.douban.com/celebrity/1331896/",
                    "avatars": {
                        "small": "https://img3.doubanio.com/img/celebrity/small/1496027709.75.jpg",
                        "large": "https://img3.doubanio.com/img/celebrity/large/1496027709.75.jpg",
                        "medium": "https://img3.doubanio.com/img/celebrity/medium/1496027709.75.jpg"
                    },
                    "name": "高桥敦史",
                    "id": "1331896"
                }
            ],
            "year": "2017",
            "images": {
                "small": "https://img3.doubanio.com/view/movie_poster_cover/ipst/public/p2459600525.webp",
                "large": "https://img3.doubanio.com/view/movie_poster_cover/lpst/public/p2459600525.webp",
                "medium": "https://img3.doubanio.com/view/movie_poster_cover/spst/public/p2459600525.webp"
            },
            "alt": "https://movie.douban.com/subject/26839466/",
            "id": "26839466"
        },
        {
            "rating": {
                "max": 10,
                "average": 6.3,
                "stars": "35",
                "min": 0
            },
            "genres": [
                "爱情",
                "音乐"
            ],
            "title": "52赫兹，我爱你",
            "casts": [
                {
                    "alt": "https://movie.douban.com/celebrity/1374607/",
                    "avatars": {
                        "small": "https://img3.doubanio.com/img/celebrity/small/1495855552.1.jpg",
                        "large": "https://img3.doubanio.com/img/celebrity/large/1495855552.1.jpg",
                        "medium": "https://img3.doubanio.com/img/celebrity/medium/1495855552.1.jpg"
                    },
                    "name": "庄鹃瑛",
                    "id": "1374607"
                },
                {
                    "alt": "https://movie.douban.com/celebrity/1363970/",
                    "avatars": {
                        "small": "https://img3.doubanio.com/img/celebrity/small/7ovky4K6b24cel_avatar_uploaded1477481083.59.jpg",
                        "large": "https://img3.doubanio.com/img/celebrity/large/7ovky4K6b24cel_avatar_uploaded1477481083.59.jpg",
                        "medium": "https://img3.doubanio.com/img/celebrity/medium/7ovky4K6b24cel_avatar_uploaded1477481083.59.jpg"
                    },
                    "name": "林忠谕",
                    "id": "1363970"
                },
                {
                    "alt": "https://movie.douban.com/celebrity/1313006/",
                    "avatars": {
                        "small": "https://img3.doubanio.com/img/celebrity/small/15783.jpg",
                        "large": "https://img3.doubanio.com/img/celebrity/large/15783.jpg",
                        "medium": "https://img3.doubanio.com/img/celebrity/medium/15783.jpg"
                    },
                    "name": "姜圣民",
                    "id": "1313006"
                }
            ],
            "collect_count": 446,
            "original_title": "52赫茲，我愛你",
            "subtype": "movie",
            "directors": [
                {
                    "alt": "https://movie.douban.com/celebrity/1300587/",
                    "avatars": {
                        "small": "https://img3.doubanio.com/img/celebrity/small/24958.jpg",
                        "large": "https://img3.doubanio.com/img/celebrity/large/24958.jpg",
                        "medium": "https://img3.doubanio.com/img/celebrity/medium/24958.jpg"
                    },
                    "name": "魏德圣",
                    "id": "1300587"
                }
            ],
            "year": "2017",
            "images": {
                "small": "https://img3.doubanio.com/view/movie_poster_cover/ipst/public/p2462612057.webp",
                "large": "https://img3.doubanio.com/view/movie_poster_cover/lpst/public/p2462612057.webp",
                "medium": "https://img3.doubanio.com/view/movie_poster_cover/spst/public/p2462612057.webp"
            },
            "alt": "https://movie.douban.com/subject/26780534/",
            "id": "26780534"
        },
        {
            "rating": {
                "max": 10,
                "average": 0,
                "stars": "00",
                "min": 0
            },
            "genres": [
                "剧情",
                "爱情"
            ],
            "title": "六人晚餐",
            "casts": [
                {
                    "alt": "https://movie.douban.com/celebrity/1274225/",
                    "avatars": {
                        "small": "https://img3.doubanio.com/img/celebrity/small/704.jpg",
                        "large": "https://img3.doubanio.com/img/celebrity/large/704.jpg",
                        "medium": "https://img3.doubanio.com/img/celebrity/medium/704.jpg"
                    },
                    "name": "窦骁",
                    "id": "1274225"
                },
                {
                    "alt": "https://movie.douban.com/celebrity/1257882/",
                    "avatars": {
                        "small": "https://img3.doubanio.com/img/celebrity/small/1425652900.34.jpg",
                        "large": "https://img3.doubanio.com/img/celebrity/large/1425652900.34.jpg",
                        "medium": "https://img3.doubanio.com/img/celebrity/medium/1425652900.34.jpg"
                    },
                    "name": "张钧甯",
                    "id": "1257882"
                },
                {
                    "alt": "https://movie.douban.com/celebrity/1004773/",
                    "avatars": {
                        "small": "https://img3.doubanio.com/img/celebrity/small/31577.jpg",
                        "large": "https://img3.doubanio.com/img/celebrity/large/31577.jpg",
                        "medium": "https://img3.doubanio.com/img/celebrity/medium/31577.jpg"
                    },
                    "name": "邬君梅",
                    "id": "1004773"
                }
            ],
            "collect_count": 92,
            "original_title": "六人晚餐",
            "subtype": "movie",
            "directors": [
                {
                    "alt": "https://movie.douban.com/celebrity/1321713/",
                    "avatars": {
                        "small": "https://img3.doubanio.com/img/celebrity/small/51102.jpg",
                        "large": "https://img3.doubanio.com/img/celebrity/large/51102.jpg",
                        "medium": "https://img3.doubanio.com/img/celebrity/medium/51102.jpg"
                    },
                    "name": "李远",
                    "id": "1321713"
                }
            ],
            "year": "2017",
            "images": {
                "small": "https://img3.doubanio.com/view/movie_poster_cover/ipst/public/p2463001905.webp",
                "large": "https://img3.doubanio.com/view/movie_poster_cover/lpst/public/p2463001905.webp",
                "medium": "https://img3.doubanio.com/view/movie_poster_cover/spst/public/p2463001905.webp"
            },
            "alt": "https://movie.douban.com/subject/26412618/",
            "id": "26412618"
        },
        {
            "rating": {
                "max": 10,
                "average": 0,
                "stars": "00",
                "min": 0
            },
            "genres": [
                "喜剧",
                "爱情"
            ],
            "title": "女人永远是对的",
            "casts": [
                {
                    "alt": "https://movie.douban.com/celebrity/1073994/",
                    "avatars": {
                        "small": "https://img3.doubanio.com/img/celebrity/small/1374438063.52.jpg",
                        "large": "https://img3.doubanio.com/img/celebrity/large/1374438063.52.jpg",
                        "medium": "https://img3.doubanio.com/img/celebrity/medium/1374438063.52.jpg"
                    },
                    "name": "张可颐",
                    "id": "1073994"
                },
                {
                    "alt": "https://movie.douban.com/celebrity/1001301/",
                    "avatars": {
                        "small": "https://img3.doubanio.com/img/celebrity/small/11915.jpg",
                        "large": "https://img3.doubanio.com/img/celebrity/large/11915.jpg",
                        "medium": "https://img3.doubanio.com/img/celebrity/medium/11915.jpg"
                    },
                    "name": "刘心悠",
                    "id": "1001301"
                },
                {
                    "alt": "https://movie.douban.com/celebrity/1313357/",
                    "avatars": {
                        "small": "https://img3.doubanio.com/img/celebrity/small/26708.jpg",
                        "large": "https://img3.doubanio.com/img/celebrity/large/26708.jpg",
                        "medium": "https://img3.doubanio.com/img/celebrity/medium/26708.jpg"
                    },
                    "name": "诗雅",
                    "id": "1313357"
                }
            ],
            "collect_count": 66,
            "original_title": "聖女奇緣",
            "subtype": "movie",
            "directors": [
                {
                    "alt": "https://movie.douban.com/celebrity/1281025/",
                    "avatars": {
                        "small": "https://img3.doubanio.com/img/celebrity/small/23132.jpg",
                        "large": "https://img3.doubanio.com/img/celebrity/large/23132.jpg",
                        "medium": "https://img3.doubanio.com/img/celebrity/medium/23132.jpg"
                    },
                    "name": "高志森",
                    "id": "1281025"
                }
            ],
            "year": "2017",
            "images": {
                "small": "https://img3.doubanio.com/view/movie_poster_cover/ipst/public/p2461168847.webp",
                "large": "https://img3.doubanio.com/view/movie_poster_cover/lpst/public/p2461168847.webp",
                "medium": "https://img3.doubanio.com/view/movie_poster_cover/spst/public/p2461168847.webp"
            },
            "alt": "https://movie.douban.com/subject/26959527/",
            "id": "26959527"
        },
        {
            "rating": {
                "max": 10,
                "average": 0,
                "stars": "00",
                "min": 0
            },
            "genres": [
                "剧情",
                "爱情"
            ],
            "title": "十七岁的雨季",
            "casts": [
                {
                    "alt": "https://movie.douban.com/celebrity/1351148/",
                    "avatars": {
                        "small": "https://img3.doubanio.com/img/celebrity/small/1477116695.96.jpg",
                        "large": "https://img3.doubanio.com/img/celebrity/large/1477116695.96.jpg",
                        "medium": "https://img3.doubanio.com/img/celebrity/medium/1477116695.96.jpg"
                    },
                    "name": "成琪",
                    "id": "1351148"
                },
                {
                    "alt": "https://movie.douban.com/celebrity/1371388/",
                    "avatars": {
                        "small": "https://img3.doubanio.com/img/celebrity/small/1491314013.05.jpg",
                        "large": "https://img3.doubanio.com/img/celebrity/large/1491314013.05.jpg",
                        "medium": "https://img3.doubanio.com/img/celebrity/medium/1491314013.05.jpg"
                    },
                    "name": "向奕铮",
                    "id": "1371388"
                },
                {
                    "alt": "https://movie.douban.com/celebrity/1357589/",
                    "avatars": {
                        "small": "https://img3.doubanio.com/img/celebrity/small/1491314385.1.jpg",
                        "large": "https://img3.doubanio.com/img/celebrity/large/1491314385.1.jpg",
                        "medium": "https://img3.doubanio.com/img/celebrity/medium/1491314385.1.jpg"
                    },
                    "name": "李豪",
                    "id": "1357589"
                }
            ],
            "collect_count": 20,
            "original_title": "十七岁的雨季",
            "subtype": "movie",
            "directors": [
                {
                    "alt": "https://movie.douban.com/celebrity/1322480/",
                    "avatars": {
                        "small": "https://img3.doubanio.com/img/celebrity/small/1477118891.16.jpg",
                        "large": "https://img3.doubanio.com/img/celebrity/large/1477118891.16.jpg",
                        "medium": "https://img3.doubanio.com/img/celebrity/medium/1477118891.16.jpg"
                    },
                    "name": "王择谚",
                    "id": "1322480"
                }
            ],
            "year": "2017",
            "images": {
                "small": "https://img3.doubanio.com/view/movie_poster_cover/ipst/public/p2458507990.webp",
                "large": "https://img3.doubanio.com/view/movie_poster_cover/lpst/public/p2458507990.webp",
                "medium": "https://img3.doubanio.com/view/movie_poster_cover/spst/public/p2458507990.webp"
            },
            "alt": "https://movie.douban.com/subject/26831709/",
            "id": "26831709"
        },
        {
            "rating": {
                "max": 10,
                "average": 5.5,
                "stars": "30",
                "min": 0
            },
            "genres": [
                "剧情",
                "爱情"
            ],
            "title": "我们停战吧",
            "casts": [
                {
                    "alt": "https://movie.douban.com/celebrity/1275126/",
                    "avatars": {
                        "small": "https://img3.doubanio.com/img/celebrity/small/9821.jpg",
                        "large": "https://img3.doubanio.com/img/celebrity/large/9821.jpg",
                        "medium": "https://img3.doubanio.com/img/celebrity/medium/9821.jpg"
                    },
                    "name": "林文龙",
                    "id": "1275126"
                },
                {
                    "alt": "https://movie.douban.com/celebrity/1349293/",
                    "avatars": {
                        "small": "https://img3.doubanio.com/img/celebrity/small/tt5Zo9ptk5wcel_avatar_uploaded1430293282.12.jpg",
                        "large": "https://img3.doubanio.com/img/celebrity/large/tt5Zo9ptk5wcel_avatar_uploaded1430293282.12.jpg",
                        "medium": "https://img3.doubanio.com/img/celebrity/medium/tt5Zo9ptk5wcel_avatar_uploaded1430293282.12.jpg"
                    },
                    "name": "林熹瞳",
                    "id": "1349293"
                },
                {
                    "alt": "https://movie.douban.com/celebrity/1033280/",
                    "avatars": {
                        "small": "https://img3.doubanio.com/img/celebrity/small/3285.jpg",
                        "large": "https://img3.doubanio.com/img/celebrity/large/3285.jpg",
                        "medium": "https://img3.doubanio.com/img/celebrity/medium/3285.jpg"
                    },
                    "name": "谭耀文",
                    "id": "1033280"
                }
            ],
            "collect_count": 93,
            "original_title": "我們停戰吧",
            "subtype": "movie",
            "directors": [
                {
                    "alt": "https://movie.douban.com/celebrity/1345903/",
                    "avatars": {
                        "small": "https://img3.doubanio.com/img/celebrity/small/1494908903.73.jpg",
                        "large": "https://img3.doubanio.com/img/celebrity/large/1494908903.73.jpg",
                        "medium": "https://img3.doubanio.com/img/celebrity/medium/1494908903.73.jpg"
                    },
                    "name": "陆天华",
                    "id": "1345903"
                }
            ],
            "year": "2015",
            "images": {
                "small": "https://img3.doubanio.com/view/movie_poster_cover/ipst/public/p2242169591.webp",
                "large": "https://img3.doubanio.com/view/movie_poster_cover/lpst/public/p2242169591.webp",
                "medium": "https://img3.doubanio.com/view/movie_poster_cover/spst/public/p2242169591.webp"
            },
            "alt": "https://movie.douban.com/subject/26354028/",
            "id": "26354028"
        },
        {
            "rating": {
                "max": 10,
                "average": 6.3,
                "stars": "35",
                "min": 0
            },
            "genres": [
                "传记",
                "动作",
                "历史"
            ],
            "title": "荡寇风云",
            "casts": [
                {
                    "alt": "https://movie.douban.com/celebrity/1000526/",
                    "avatars": {
                        "small": "https://img3.doubanio.com/img/celebrity/small/44857.jpg",
                        "large": "https://img3.doubanio.com/img/celebrity/large/44857.jpg",
                        "medium": "https://img3.doubanio.com/img/celebrity/medium/44857.jpg"
                    },
                    "name": "赵文卓",
                    "id": "1000526"
                },
                {
                    "alt": "https://movie.douban.com/celebrity/1055887/",
                    "avatars": {
                        "small": "https://img3.doubanio.com/img/celebrity/small/1382591076.43.jpg",
                        "large": "https://img3.doubanio.com/img/celebrity/large/1382591076.43.jpg",
                        "medium": "https://img3.doubanio.com/img/celebrity/medium/1382591076.43.jpg"
                    },
                    "name": "洪金宝",
                    "id": "1055887"
                },
                {
                    "alt": "https://movie.douban.com/celebrity/1315477/",
                    "avatars": {
                        "small": "https://img3.doubanio.com/img/celebrity/small/1483453357.64.jpg",
                        "large": "https://img3.doubanio.com/img/celebrity/large/1483453357.64.jpg",
                        "medium": "https://img3.doubanio.com/img/celebrity/medium/1483453357.64.jpg"
                    },
                    "name": "万茜",
                    "id": "1315477"
                }
            ],
            "collect_count": 4260,
            "original_title": "荡寇风云",
            "subtype": "movie",
            "directors": [
                {
                    "alt": "https://movie.douban.com/celebrity/1274245/",
                    "avatars": {
                        "small": "https://img3.doubanio.com/img/celebrity/small/41709.jpg",
                        "large": "https://img3.doubanio.com/img/celebrity/large/41709.jpg",
                        "medium": "https://img3.doubanio.com/img/celebrity/medium/41709.jpg"
                    },
                    "name": "陈嘉上",
                    "id": "1274245"
                }
            ],
            "year": "2017",
            "images": {
                "small": "https://img3.doubanio.com/view/movie_poster_cover/ipst/public/p2459663581.webp",
                "large": "https://img3.doubanio.com/view/movie_poster_cover/lpst/public/p2459663581.webp",
                "medium": "https://img3.doubanio.com/view/movie_poster_cover/spst/public/p2459663581.webp"
            },
            "alt": "https://movie.douban.com/subject/26385746/",
            "id": "26385746"
        },
        {
            "rating": {
                "max": 10,
                "average": 7.6,
                "stars": "40",
                "min": 0
            },
            "genres": [
                "纪录片"
            ],
            "title": "内心引力",
            "casts": [
                {
                    "alt": "https://movie.douban.com/celebrity/1374762/",
                    "avatars": {
                        "small": "https://img3.doubanio.com/img/celebrity/small/1497237920.59.jpg",
                        "large": "https://img3.doubanio.com/img/celebrity/large/1497237920.59.jpg",
                        "medium": "https://img3.doubanio.com/img/celebrity/medium/1497237920.59.jpg"
                    },
                    "name": "把文翰",
                    "id": "1374762"
                },
                {
                    "alt": "https://movie.douban.com/celebrity/1374763/",
                    "avatars": {
                        "small": "https://img3.doubanio.com/img/celebrity/small/1497091313.55.jpg",
                        "large": "https://img3.doubanio.com/img/celebrity/large/1497091313.55.jpg",
                        "medium": "https://img3.doubanio.com/img/celebrity/medium/1497091313.55.jpg"
                    },
                    "name": "钱小华",
                    "id": "1374763"
                },
                {
                    "alt": "https://movie.douban.com/celebrity/1374764/",
                    "avatars": {
                        "small": "https://img3.doubanio.com/img/celebrity/small/1497091396.94.jpg",
                        "large": "https://img3.doubanio.com/img/celebrity/large/1497091396.94.jpg",
                        "medium": "https://img3.doubanio.com/img/celebrity/medium/1497091396.94.jpg"
                    },
                    "name": "庄崧冽",
                    "id": "1374764"
                }
            ],
            "collect_count": 843,
            "original_title": "内心引力",
            "subtype": "movie",
            "directors": [
                {
                    "alt": "https://movie.douban.com/celebrity/1374760/",
                    "avatars": {
                        "small": "https://img3.doubanio.com/img/celebrity/small/1497238393.96.jpg",
                        "large": "https://img3.doubanio.com/img/celebrity/large/1497238393.96.jpg",
                        "medium": "https://img3.doubanio.com/img/celebrity/medium/1497238393.96.jpg"
                    },
                    "name": "施秋荣",
                    "id": "1374760"
                },
                {
                    "alt": "https://movie.douban.com/celebrity/1374761/",
                    "avatars": {
                        "small": "https://img3.doubanio.com/img/celebrity/small/1497237811.95.jpg",
                        "large": "https://img3.doubanio.com/img/celebrity/large/1497237811.95.jpg",
                        "medium": "https://img3.doubanio.com/img/celebrity/medium/1497237811.95.jpg"
                    },
                    "name": "胡弦",
                    "id": "1374761"
                }
            ],
            "year": "2016",
            "images": {
                "small": "https://img3.doubanio.com/view/movie_poster_cover/ipst/public/p2460820414.webp",
                "large": "https://img3.doubanio.com/view/movie_poster_cover/lpst/public/p2460820414.webp",
                "medium": "https://img3.doubanio.com/view/movie_poster_cover/spst/public/p2460820414.webp"
            },
            "alt": "https://movie.douban.com/subject/26776397/",
            "id": "26776397"
        },
        {
            "rating": {
                "max": 10,
                "average": 0,
                "stars": "00",
                "min": 0
            },
            "genres": [
                "喜剧",
                "动画",
                "奇幻"
            ],
            "title": "我的爸爸是国王",
            "casts": [
                {
                    "alt": "https://movie.douban.com/celebrity/1372722/",
                    "avatars": {
                        "small": "https://img3.doubanio.com/img/celebrity/small/1493201031.49.jpg",
                        "large": "https://img3.doubanio.com/img/celebrity/large/1493201031.49.jpg",
                        "medium": "https://img3.doubanio.com/img/celebrity/medium/1493201031.49.jpg"
                    },
                    "name": "吕豆",
                    "id": "1372722"
                },
                {
                    "alt": "https://movie.douban.com/celebrity/1372723/",
                    "avatars": {
                        "small": "https://img3.doubanio.com/img/celebrity/small/1493201082.37.jpg",
                        "large": "https://img3.doubanio.com/img/celebrity/large/1493201082.37.jpg",
                        "medium": "https://img3.doubanio.com/img/celebrity/medium/1493201082.37.jpg"
                    },
                    "name": "禹祥",
                    "id": "1372723"
                },
                {
                    "alt": "https://movie.douban.com/celebrity/1372724/",
                    "avatars": {
                        "small": "https://img3.doubanio.com/img/celebrity/small/1493201114.76.jpg",
                        "large": "https://img3.doubanio.com/img/celebrity/large/1493201114.76.jpg",
                        "medium": "https://img3.doubanio.com/img/celebrity/medium/1493201114.76.jpg"
                    },
                    "name": "绿绮",
                    "id": "1372724"
                }
            ],
            "collect_count": 208,
            "original_title": "我的爸爸是国王",
            "subtype": "movie",
            "directors": [
                {
                    "alt": "https://movie.douban.com/celebrity/1349338/",
                    "avatars": {
                        "small": "https://img3.doubanio.com/img/celebrity/small/1493200834.42.jpg",
                        "large": "https://img3.doubanio.com/img/celebrity/large/1493200834.42.jpg",
                        "medium": "https://img3.doubanio.com/img/celebrity/medium/1493200834.42.jpg"
                    },
                    "name": "刘骏",
                    "id": "1349338"
                },
                {
                    "alt": "https://movie.douban.com/celebrity/1372721/",
                    "avatars": {
                        "small": "https://img3.doubanio.com/img/celebrity/small/1493200814.99.jpg",
                        "large": "https://img3.doubanio.com/img/celebrity/large/1493200814.99.jpg",
                        "medium": "https://img3.doubanio.com/img/celebrity/medium/1493200814.99.jpg"
                    },
                    "name": "牛志远",
                    "id": "1372721"
                }
            ],
            "year": "2017",
            "images": {
                "small": "https://img3.doubanio.com/view/movie_poster_cover/ipst/public/p2460135107.webp",
                "large": "https://img3.doubanio.com/view/movie_poster_cover/lpst/public/p2460135107.webp",
                "medium": "https://img3.doubanio.com/view/movie_poster_cover/spst/public/p2460135107.webp"
            },
            "alt": "https://movie.douban.com/subject/27030855/",
            "id": "27030855"
        },
        {
            "rating": {
                "max": 10,
                "average": 2.2,
                "stars": "15",
                "min": 0
            },
            "genres": [
                "惊悚",
                "恐怖"
            ],
            "title": "碟仙之毕业照",
            "casts": [
                {
                    "alt": "https://movie.douban.com/celebrity/1336641/",
                    "avatars": {
                        "small": "https://img3.doubanio.com/img/celebrity/small/1393155538.46.jpg",
                        "large": "https://img3.doubanio.com/img/celebrity/large/1393155538.46.jpg",
                        "medium": "https://img3.doubanio.com/img/celebrity/medium/1393155538.46.jpg"
                    },
                    "name": "陈圆",
                    "id": "1336641"
                },
                {
                    "alt": "https://movie.douban.com/celebrity/1360341/",
                    "avatars": {
                        "small": "https://img3.doubanio.com/img/celebrity/small/1489151067.25.jpg",
                        "large": "https://img3.doubanio.com/img/celebrity/large/1489151067.25.jpg",
                        "medium": "https://img3.doubanio.com/img/celebrity/medium/1489151067.25.jpg"
                    },
                    "name": "刘俐儿",
                    "id": "1360341"
                },
                {
                    "alt": "https://movie.douban.com/celebrity/1340991/",
                    "avatars": {
                        "small": "https://img3.doubanio.com/img/celebrity/small/1451208505.66.jpg",
                        "large": "https://img3.doubanio.com/img/celebrity/large/1451208505.66.jpg",
                        "medium": "https://img3.doubanio.com/img/celebrity/medium/1451208505.66.jpg"
                    },
                    "name": "宋伟",
                    "id": "1340991"
                }
            ],
            "collect_count": 359,
            "original_title": "碟仙之毕业照",
            "subtype": "movie",
            "directors": [
                {
                    "alt": "https://movie.douban.com/celebrity/1274565/",
                    "avatars": {
                        "small": "https://img3.doubanio.com/img/celebrity/small/1489151244.79.jpg",
                        "large": "https://img3.doubanio.com/img/celebrity/large/1489151244.79.jpg",
                        "medium": "https://img3.doubanio.com/img/celebrity/medium/1489151244.79.jpg"
                    },
                    "name": "陆诗雨",
                    "id": "1274565"
                }
            ],
            "year": "2017",
            "images": {
                "small": "https://img3.doubanio.com/view/movie_poster_cover/ipst/public/p2440370546.webp",
                "large": "https://img3.doubanio.com/view/movie_poster_cover/lpst/public/p2440370546.webp",
                "medium": "https://img3.doubanio.com/view/movie_poster_cover/spst/public/p2440370546.webp"
            },
            "alt": "https://movie.douban.com/subject/26843838/",
            "id": "26843838"
        },
        {
            "rating": {
                "max": 10,
                "average": 3.8,
                "stars": "20",
                "min": 0
            },
            "genres": [
                "动画"
            ],
            "title": "三只小猪2",
            "casts": [
                {
                    "alt": "https://movie.douban.com/celebrity/1332379/",
                    "avatars": {
                        "small": "https://img3.doubanio.com/img/celebrity/small/1496308187.65.jpg",
                        "large": "https://img3.doubanio.com/img/celebrity/large/1496308187.65.jpg",
                        "medium": "https://img3.doubanio.com/img/celebrity/medium/1496308187.65.jpg"
                    },
                    "name": "王晓彤",
                    "id": "1332379"
                },
                {
                    "alt": "https://movie.douban.com/celebrity/1368445/",
                    "avatars": {
                        "small": "https://img3.doubanio.com/img/celebrity/small/1486732618.44.jpg",
                        "large": "https://img3.doubanio.com/img/celebrity/large/1486732618.44.jpg",
                        "medium": "https://img3.doubanio.com/img/celebrity/medium/1486732618.44.jpg"
                    },
                    "name": "李晔",
                    "id": "1368445"
                },
                {
                    "alt": "https://movie.douban.com/celebrity/1328170/",
                    "avatars": {
                        "small": "https://img3.doubanio.com/img/celebrity/small/tkt9Jive6AAcel_avatar_uploaded1366255850.41.jpg",
                        "large": "https://img3.doubanio.com/img/celebrity/large/tkt9Jive6AAcel_avatar_uploaded1366255850.41.jpg",
                        "medium": "https://img3.doubanio.com/img/celebrity/medium/tkt9Jive6AAcel_avatar_uploaded1366255850.41.jpg"
                    },
                    "name": "洪海天",
                    "id": "1328170"
                }
            ],
            "collect_count": 369,
            "original_title": "三只小猪2",
            "subtype": "movie",
            "directors": [
                {
                    "alt": "https://movie.douban.com/celebrity/1349855/",
                    "avatars": {
                        "small": "https://img3.doubanio.com/f/movie/ca527386eb8c4e325611e22dfcb04cc116d6b423/pics/movie/celebrity-default-small.png",
                        "large": "https://img3.doubanio.com/f/movie/63acc16ca6309ef191f0378faf793d1096a3e606/pics/movie/celebrity-default-large.png",
                        "medium": "https://img3.doubanio.com/f/movie/8dd0c794499fe925ae2ae89ee30cd225750457b4/pics/movie/celebrity-default-medium.png"
                    },
                    "name": "刘炜",
                    "id": "1349855"
                }
            ],
            "year": "2017",
            "images": {
                "small": "https://img3.doubanio.com/view/movie_poster_cover/ipst/public/p2456603030.webp",
                "large": "https://img3.doubanio.com/view/movie_poster_cover/lpst/public/p2456603030.webp",
                "medium": "https://img3.doubanio.com/view/movie_poster_cover/spst/public/p2456603030.webp"
            },
            "alt": "https://movie.douban.com/subject/27021323/",
            "id": "27021323"
        }
    ],
    "title": "正在上映的电影-北京"
}